Name;Alternate name;Constellation;Type;RA;Dec;NGC/IC name;Magnitude
M1;Crab Nebula;Taurus;Supernova remnant;05h 34m 31.94s;22° 00′ 52.2″;NGC 1952;8.4
M2;;Aquarius;Globular cluster;21h 33m 27.02s;−00° 49′ 23.7″;NGC 7089;6.5
M3;;Canes Venatici;Globular cluster;13h 42m 11.62s;28° 22′ 38.2″;NGC 5272;6.2
M4;Spider Globular Cluster;Scorpius;Globular cluster;16h 23m 35.22s;−26° 31′ 32.7″;NGC 6121;5.6
M5;Rose Cluster;Serpens;Globular cluster;15h 18m 33.22s;02° 04′ 51.7″;NGC 5904;5.6
M6;Butterfly Cluster;Scorpius;Open cluster;17h 40.1m;−32° 13′;NGC 6405;4.2
M7;Ptolemy's Cluster;Scorpius;Open cluster;17h 53m 51.2s;−34° 47′ 34″;NGC 6475;3.3
M8;Lagoon Nebula;Sagittarius;Nebula;18h 03m 37s;−24° 23′ 12″;NGC 6523;4.6
M9;;Ophiuchus;Globular cluster;17h 19m 11.78s;−18° 30′ 58.5″;NGC 6333;7.7
M10;;Ophiuchus;Globular cluster;16h 57m 8.92s;−04° 05′ 58.07″;NGC 6254;6.6
M11;Wild Duck Cluster;Scutum;Open cluster;18h 51.1m;−06° 16′;NGC 6705;5.8
M12;;Ophiuchus;Globular cluster;16h 47m 14.18s;−01° 56′ 54.7″;NGC 6218;6.7
M13;Great Hercules Cluster;Hercules;Globular cluster;16h 41m 41.24s;36° 27′ 35.5″;NGC 6205;5.8
M14;;Ophiuchus;Globular cluster;17h 37m 36.15s;−03° 14′ 45.3″;NGC 6402;7.6
M15;Great Pegasus Cluster;Pegasus;Globular cluster;21h 29m 58.33s;12° 10′ 01.2″;NGC 7078;6.2
M16;Eagle Nebula;Serpens;Nebula;18h 18m 48s;−13° 49′;"	NGC 6611";6.4
M17;Omega Nebula;Sagittarius;Nebula;18h 20m 26s;−16° 10′ 36″;NGC 6618;6
M18;Black Swan Cluster;Sagittarius;Open cluster;18h 19.9m;17° 08′;NGC 6613;7.5
M19;;Ophiuchus;Globular cluster;17h 02m 37.69s;−26° 16′ 04.6″;"	NGC 6273";6.8
M20;Trifid Nebula;Sagittarius;Nebula;18h 02m 23s;−23° 01′ 48″;NGC 6514;6.3
M21;Webb's Cross Cluster;Sagittarius;Open cluster;18h 04.6m;−22° 30′;NGC 6531;6.5
M22;Great Sagittarius Cluster;Sagittarius;Globular cluster;18h 36m 23.94s;−23° 54′ 17.1″;NGC 6656;5.1
M23;;Sagittarius;Open cluster;17h 56.8m;−19° 01′;NGC 6494;5.5
M24;Small Sagittarius Star Cloud;Sagittarius;Star cloud;18h 17m;−18° 33′;IC 4715;2.5
M25;;Sagittarius;Open cluster;18h 31.6m;−19° 15′;IC 4725;4.6
M26;;Scutum;Open cluster;18h 45.2m;−09° 24′;NGC 6694;8
M27;Dumbbell Nebula;Vulpecula;Planetary nebula;19h 59m 36.340s;22° 43′ 16.09″;NGC 6853;7.4
M28;;Sagittarius;Globular cluster;18h 24m 32.89s;−24° 52′ 11.4″;NGC 6626;6.8
M29;Cooling Tower Cluster;Cygnus;Open cluster;20h 23m 56s;38° 31′ 24″;NGC 6913;7.1
M30;Jellyfish Cluster;Capricornus;Globular cluster;21h 40m 22.12s;−23° 10′ 47.5″;NGC 7099;7.2
M31;Andromeda Galaxy;Andromeda;Spiral galaxy;00h 42m 44.3s;41° 16′ 09″;NGC 224;3.4
M32;;Andromeda;Dwarf elliptical galaxy;00h 42m 41.8s;40° 51′ 55″;"	NGC 221";8.1
M33;Triangulum Galaxy;Triangulum;Spiral galaxy;01h 33m 50.02s;30° 39′ 36.7″;NGC 598;5.7
M34;Spiral Cluster;Perseus;Open cluster;02h 42.1m;42° 46′;NGC 1039;5.5
M35;Shoe-Buckle Cluster;Gemini;Open cluster;06h 09.1m;24° 21′;NGC 2168;5.3
M36;Pinwheel Cluster;Auriga;Open cluster;05h 36m 12s;34° 08′ 04″;NGC 1960;6.3
M37;Salt and Pepper Cluster;Auriga;Open cluster;05h 52m 18s;32° 33′ 02″;NGC 2099;6.2
M38;Starfish Cluster;Auriga;Open cluster;05h 28m 42s;35° 51′ 18″;NGC 1912;7.4
M39;;Cygnus;Open cluster;21h 31m 42s;48° 26′ 00″;NGC 7092;4.6
M40;Winnecke 4;Ursa Major;Optical double;12h 22m 12.5s;58° 04′ 59″;;8.4
M41;Little Beehive Cluser;Canis Major;Open cluster;06h 46.0m;−20° 46′;NGC 2287;4.5
M42;Great Orion Nebula;Orion;Nebula;05h 35m 17.3s;−05° 23′ 28″;NGC 1976;4
M43;De Mairan's Nebula;Orion;Nebula;05h 35.6m;−05° 16′;NGC 1982;9
M44;Beehive Cluster;Cancer;Open cluster;08h 40.4m;19° 59′;NGC 2632;3.7
M45;Pleiades;Taurus;Open cluster;03h 47m 24s;24° 07′ 00″;;1.6
M46;;Puppis;Open cluster;07h 41.8m;−14° 49′;NGC 2437;6
M47;;Puppis;Open cluster;07h 36.6m;−14° 30′;NGC 2422;4.4
M48;;Hydra;Open cluster;08h 13.7m;−05° 45′;"	NGC 2548";5.5
M49;;Virgo;Elliptical galaxy;12h 29m 46.7s;08° 00′ 02″;NGC 4472;8.4
M50;Heart-Shaped Cluster;Monoceros;Open cluster;07h 03.2m;−08° 20′;NGC 2323;5.9
M51;Whirlpool Galaxy;Canes Venatici;Spiral galaxy;13h 29m 52.7s;47° 11′ 43″;"	NGC 5194";8.4
M52;Scorpion Cluster;Cassiopeia;Open cluster;23h 24.2m;61° 35′;NGC 7654;7.3
M53;;Coma Berenices;Globular cluster;13h 12m 55.25s;18° 10′ 05.4″;NGC 5024;7.6
M54;;Sagittarius;Globular cluster;18h 55m 03.33s;−30° 28′ 47.5″;NGC 6715;7.6
M55;Specter Cluster;Sagittarius;Globular cluster;19h 39m 59.71s;−30° 57′ 53.1″;NGC 6809;6.3
M56;;Lyra;Globular cluster;19h 16m 35.57s;30° 11′ 00.5″;NGC 6779;8.3
M57;Ring Nebula;Lyra;Planetary nebula;18h 53m 35.079s;33° 01′ 45.03″;NGC 6720;8.8
M58;;Virgo;Barred spiral galaxy;12h 37m 43.5s;11° 49′ 05″;NGC 4579;9.7
M59;;Virgo;Elliptical galaxy;12h 42m 02.3s;11° 38′ 49″;NGC 4621;9.6
M60;;Virgo;Elliptical galaxy;12h 43m 39.6s;11° 33′ 09″;NGC 4649;8.8
M61;Swelling Spiral Galaxy;Virgo;Spiral galaxy;12h 21m 54.9s;04° 28′ 25″;"	NGC 4303";9.7
M62;Flickering Globular;Ophiuchus;Globular cluster;17h 01m 12.60s;−30° 06′ 44.5″;NGC 6266;6.5
M63;Sunflower Galaxy;Canes Venatici;Spiral galaxy;13h 15m 49.3s;42° 01′ 45″;NGC 5055;8.6
M64;Black Eye Galaxy;Coma Berenices;Spiral galaxy;12h 56m 43.7s;21° 40′ 58″;NGC 4826;8.5
M65;Leo Triplet;Leo;Barred spiral galaxy;11h 18m 55.9s;13° 05′ 32″;NGC 3623;9.3
M66;Leo Triplet;Leo;Barred spiral galaxy;11h 20m 15.0s;12° 59′ 30″;"	NGC 3627";8.9
M67;King Cobra Cluster;Cancer;Open cluster;08h 51.3m;11° 49′;"NGC 2682	";6.1
M68;;Hydra;Globular cluster;12h 39m 27.98s;−26° 44′ 38.6″;NGC 4590;7.8
M69;;Sagittarius;Globular cluster;18h 31m 23.10s;−32° 20′ 53.1″;"NGC 6637	";7.6
M70;;Sagittarius;Globular cluster;18h 43m 12.76s;−32° 17′ 31.6;NGC 6681;7.9
M71;Angelfish Cluster;Sagitta;Globular cluster;19h 53m 46.49s;18° 46′ 45.1″;NGC 6838;8.2
M72;;Aquarius;Globular cluster;20h 53m 27.70s;−12° 32′ 14.3″;NGC 6981;9.3
M73;;Aquarius;Asterism;20h 58m 54s;−12° 38′;NGC 6994;9
M74;Phantom Galaxy;Pisces;Spiral galaxy;01h 36m 41.8s;15° 47′ 01″;NGC 628;9.4
M75;;Sagittarius;Globular cluster;20h 06m 04.75s;−21° 55′ 16.2″;"NGC 6864	";8.5
M76;Little Dumbbell Nebula;Perseus;Planetary nebula;01h 42.4m;51° 34′ 31″;NGC 650/651;10.1
M77;Squid Galaxy;Cetus;Spiral galaxy;02h 42m 40.7s;−00° 00′ 48″;NGC 1068;8.9
M78;Casper the Friendly Ghost;Orion;Diffuse nebula;05h 46m 46.7s;00° 00′ 50″;NGC 2068;8.3
M79;;Lepus;Globular cluster;05h 24m 10.59s;−24° 31′ 27.3″;"NGC 1904	";7.7
M80;;Scorpius;Globular cluster;16h 17m 02.41s;−22° 58′ 33.9″;"	NGC 6093";7.3
M81;Bode's Galaxy;Ursa Major;Spiral galaxy;09h 55m 33.2s;69° 03′ 55″;NGC 3031;6.9
M82;Cigar Galaxy;Ursa Major;Starburst galaxy;09h 55m 52.2s;69° 40′ 47″;NGC 3034;8.4
M83;Southern Pinwheel Galaxy;Hydra;Barred spiral galaxy;13h 37m 00.9s;−29° 51′ 57″;NGC 5236;7.6
M84;;Virgo;Lenticular galaxy;12h 25m 03.7s;12° 53′ 13″;"NGC 4374	";9.1
M85;;Coma Berenices;Lenticular galaxy;12h 25m 24.0s;18° 11′ 28″;NGC 4382;9.1
M86;;Virgo;Lenticular galaxy;12h 26m 11.7s;12° 56′ 46″;"	NGC 4406";8.9
M87;Smoking Gun Galaxy;Virgo;Elliptical galaxy;12h 30m 49.42338s;12° 23′ 28.0439″;NGC 4486;8.7
M88;;Coma Berenices;Spiral galaxy;12h 31m 59.2s;14° 25′ 14″;NGC 4501;9.6
M89;;Virgo;Elliptical galaxy;12h 35m 39.8s;12° 33′ 23″;NGC 4552;9.8
M90;;Virgo;Spiral galaxy;12h 36m 49.8s;13° 09′ 46″;NGC 4569;9.5
M91;;Coma Berenices;Barred spiral galaxy;12h 35m 26.4s;14° 29′ 47″;NGC 4548;10.2
M92;;Hercules;Globular cluster;17h 17m 07.39s;43° 08′ 09.4″;NGC 6341;6.4
M93;Critter Cluster;Puppis;Open cluster;07h 44.6m;−23° 52′;NGC 2447;6
M94;Cat's Eye Galaxy;Canes Venatici;Spiral galaxy;12h 50m 53.1s;41° 07′ 14″;NGC 4736;8.2
M95;;Leo;Barred spiral galaxy;10h 43m 57.7s;11° 42′ 14″;"	NGC 3351";9.7
M96;;Leo;Spiral galaxy;10h 46m 45.7s;11° 49′ 12″;"	NGC 3368";9.2
M97;Owl Nebula;Ursa Major;Planetary nebula;11h 14m 47.734s;55° 01′ 08.50″;NGC 3587;9.9
M98;;Coma Berenices;Spiral galaxy;12h 13m 48.292s;14° 54′ 01.69″;"	NGC 4192";10.1
M99;St. Catherine's Wheel;Coma Berenices;Spiral galaxy;12h 18m 49.6s;14° 24′ 59″;NGC 4254;9.9
M100;Mirror Galaxy;Coma Berenices;Spiral galaxy;12h 22m 54.9s;15° 49′ 21″;NGC 4321;9.3
M101;Pinwheel Galaxy;Ursa Major;Spiral galaxy;14h 03m 12.6s;54° 20′ 57″;"	NGC 5457";7.9
M102;Spindle Galaxy;Draco;Lenticular galaxy;15h 06m 29.5s;55° 45′ 48″;NGC 5866;9.9
M103;;Cassiopeia;Open cluster;01h 33.2m;60° 42′;NGC 581;7.4
M104;Sombrero Galaxy;Virgo;Spiral galaxy;12h 39m 59.4s;−11° 37′ 23″;NGC 4594;8
M105;;Leo;Elliptical galaxy;10h 47m 49.6s;12° 34′ 54″;NGC 3379;9.3
M106;;Canes Venatici;Spiral galaxy;12h 18m 57.5s;47° 18′ 14″;NGC 4258;8.4
M107;Crucifix Cluster;Ophiuchus;Globular cluster;16h 32m 31.86s;−13° 03′ 13.6″;NGC 6171;7.9
M108;Surfboard Galaxy;Ursa Major;Barred spiral galaxy;11h 11m 31.0s;55° 40′ 27″;NGC 3556;10
M109;Vacuum Cleaner Galaxy;Ursa Major;Barred spiral galaxy;11h 57m 36.0s;53° 22′ 28″;NGC 3992;9.8
M110;Edward Young Star;Andromeda;Dwarf elliptical galaxy;00h 40m 22.1s;41° 41′ 07″;NGC 205;8.5
